timezone,temp,humidity,description
2025-02-19 05:39:58,0.76,29,clear sky
2025-02-19 05:40:45,0.76,29,clear sky
2025-02-19 05:52:40,0.76,29,clear sky
2025-02-19 06:23:29,1.76,25,clear sky
2025-02-19 06:44:45,1.76,25,clear sky
2025-02-19 06:57:05,1.76,25,clear sky
2025-02-19 07:21:56,-0.42,18,clear sky
2025-02-19 07:35:46,0.76,25,clear sky
2025-02-19 07:48:34,0.76,25,clear sky
2025-02-19 08:11:49,-0.74,19,clear sky
2025-02-19 08:36:38,0.76,29,clear sky
2025-02-19 08:50:48,0.76,29,clear sky
2025-02-19 09:13:24,0.76,29,clear sky
2025-02-19 09:31:35,-1.24,29,clear sky
2025-02-19 09:44:17,-1.24,29,clear sky
2025-02-19 09:56:44,-1.24,29,clear sky
2025-02-19 10:26:07,-3.24,39,clear sky
2025-02-19 10:43:05,-3.24,39,clear sky
2025-02-19 10:55:47,-3.24,39,clear sky
2025-02-19 11:18:41,-3.24,39,clear sky
2025-02-19 11:31:41,-3.24,43,clear sky
2025-02-19 11:44:10,-3.24,43,clear sky
2025-02-19 11:56:46,-3.24,43,clear sky
2025-02-19 12:44:21,-4.24,50,clear sky
2025-02-19 13:12:43,-3.39,36,clear sky
2025-02-19 13:33:26,-5.24,50,clear sky
2025-02-19 13:45:52,-5.24,50,clear sky
2025-02-19 13:58:32,-5.24,50,clear sky
2025-02-19 14:25:19,-5.24,54,clear sky
2025-02-19 14:41:59,-5.24,54,clear sky
2025-02-19 14:54:42,-5.24,54,clear sky
2025-02-19 15:23:08,-6.24,58,clear sky
2025-02-19 15:38:28,-6.24,58,clear sky
2025-02-19 15:50:54,-6.24,58,clear sky
2025-02-19 16:16:11,-3.29,37,clear sky
2025-02-19 16:40:01,-6.24,58,clear sky
2025-02-19 16:53:05,-6.24,58,clear sky
2025-02-19 17:15:36,-6.24,58,clear sky
2025-02-19 17:33:08,-8.24,62,clear sky
2025-02-19 17:45:45,-8.24,62,clear sky
2025-02-19 17:58:10,-8.24,62,clear sky
2025-02-19 18:31:44,-8.24,67,clear sky
2025-02-19 18:48:04,-8.24,67,clear sky
2025-02-19 19:01:32,-8.24,67,clear sky
2025-02-19 19:19:13,-3.86,41,clear sky
2025-02-19 19:32:29,-9.24,73,clear sky
2025-02-19 19:45:21,-9.24,73,clear sky
2025-02-19 19:58:06,-9.24,73,clear sky
2025-02-19 20:25:58,-10.24,85,clear sky
2025-02-19 20:40:49,-10.24,85,clear sky
2025-02-19 20:53:30,-10.24,85,clear sky
2025-02-19 21:17:06,-4.24,42,clear sky
2025-02-19 21:29:46,-10.24,85,clear sky
2025-02-19 21:42:29,-10.24,85,clear sky
2025-02-19 21:54:50,-10.24,85,clear sky
2025-02-19 22:18:49,-4.41,43,clear sky
2025-02-19 22:34:22,-8.24,73,clear sky
2025-02-19 22:47:00,-8.24,73,clear sky
2025-02-19 22:59:24,-8.24,73,clear sky
2025-02-19 23:22:52,-7.24,73,clear sky
2025-02-19 23:36:34,-7.24,73,clear sky
2025-02-19 23:49:15,-7.24,73,clear sky
2025-02-20 00:46:55,-3.24,59,clear sky
2025-02-20 02:09:14,-1.24,40,clear sky
2025-02-20 02:57:00,-0.24,32,clear sky
2025-02-20 03:28:07,0.76,29,clear sky
2025-02-20 03:44:50,0.76,29,clear sky
2025-02-20 03:57:24,0.76,29,clear sky
2025-02-20 04:27:37,0.76,29,clear sky
2025-02-20 04:43:17,0.76,29,clear sky
2025-02-20 04:55:52,0.76,29,clear sky
2025-02-20 05:22:50,1.76,27,clear sky
2025-02-20 05:38:48,1.76,27,clear sky
2025-02-20 05:51:16,1.76,27,clear sky
2025-02-20 06:19:12,0.27,20,clear sky
2025-02-20 06:41:37,1.76,27,clear sky
2025-02-20 06:54:14,1.76,27,clear sky
2025-02-20 07:18:30,1.76,27,clear sky
2025-02-20 07:31:26,1.76,27,clear sky
2025-02-20 07:43:51,1.76,27,clear sky
2025-02-20 07:56:12,1.76,27,clear sky
2025-02-20 08:29:59,0.76,23,clear sky
2025-02-20 08:46:42,0.76,23,clear sky
2025-02-20 08:59:27,0.76,23,clear sky
2025-02-20 09:26:07,-1.24,29,clear sky
2025-02-20 09:40:49,-1.24,29,clear sky
2025-02-20 09:53:30,-1.24,29,clear sky
2025-02-20 10:19:41,-1.22,24,clear sky
2025-02-20 10:39:37,-2.24,34,clear sky
2025-02-20 10:52:19,-2.24,34,clear sky
2025-02-20 11:13:08,-2.78,34,clear sky
2025-02-20 11:26:49,-3.24,36,clear sky
2025-02-20 11:39:32,-3.24,36,clear sky
2025-02-20 11:52:20,-3.24,36,clear sky
2025-02-20 12:31:59,-4.24,39,clear sky
2025-02-20 13:02:32,-4.24,39,clear sky
2025-02-20 13:31:04,-5.24,50,clear sky
2025-02-20 13:43:43,-5.24,50,clear sky
2025-02-20 13:56:07,-5.24,50,clear sky
2025-02-20 14:23:15,-5.24,54,clear sky
2025-02-20 14:40:35,-5.24,54,clear sky
2025-02-20 14:53:20,-5.24,54,clear sky
2025-02-20 15:19:58,-6.24,58,clear sky
2025-02-20 15:37:33,-6.24,58,clear sky
2025-02-20 15:50:14,-6.24,58,clear sky
2025-02-20 16:15:08,-3.66,40,clear sky
2025-02-20 16:41:33,-7.24,63,clear sky
2025-02-20 16:54:51,-7.24,63,clear sky
2025-02-20 17:17:22,-3.79,41,clear sky
2025-02-20 17:32:32,-6.24,63,clear sky
2025-02-20 17:45:03,-6.24,63,clear sky
2025-02-20 17:57:45,-6.24,63,clear sky
2025-02-20 18:32:37,-7.24,63,clear sky
2025-02-20 18:48:24,-7.24,63,clear sky
2025-02-20 19:06:24,-7.24,63,clear sky
2025-02-20 19:22:38,-9.24,62,clear sky
2025-02-20 19:36:33,-9.24,62,clear sky
2025-02-20 21:21:04,-4.27,44,clear sky
2025-02-20 21:34:37,-10.24,79,clear sky
2025-02-20 21:47:17,-10.24,79,clear sky
2025-02-20 21:59:53,-10.24,79,clear sky
2025-02-20 22:26:01,-10.24,85,clear sky
2025-02-20 22:41:12,-10.24,85,clear sky
2025-02-20 22:53:56,-10.24,85,clear sky
2025-02-20 23:18:31,-4.48,47,clear sky
2025-02-20 23:31:55,-7.24,73,clear sky
2025-02-20 23:44:25,-7.24,73,clear sky
2025-02-20 23:56:52,-7.24,73,clear sky
2025-02-21 01:50:37,-1.24,43,clear sky
2025-02-21 02:43:53,-0.24,32,clear sky
2025-02-21 03:13:06,-1.5,29,clear sky
2025-02-21 03:36:16,0.76,32,clear sky
2025-02-21 03:48:47,0.76,32,clear sky
2025-02-21 04:11:13,0.76,32,clear sky
2025-02-21 04:37:30,0.76,32,clear sky
2025-02-21 04:50:19,0.76,32,clear sky
2025-02-21 05:11:47,0.76,32,clear sky
2025-02-21 05:31:53,0.76,32,clear sky
2025-02-21 05:44:33,0.76,32,clear sky
2025-02-21 05:57:03,0.76,32,clear sky
2025-02-21 06:32:27,0.76,37,clear sky
2025-02-21 06:48:05,0.76,37,clear sky
2025-02-21 07:07:47,0.76,37,clear sky
2025-02-21 07:26:10,0.76,40,clear sky
2025-02-21 07:38:52,0.76,40,clear sky
2025-02-21 07:51:38,0.76,40,clear sky
2025-02-21 08:18:34,0.11,24,clear sky
2025-02-21 08:38:47,1.76,30,clear sky
2025-02-21 08:51:29,1.76,30,clear sky
2025-02-21 09:14:40,-0.76,26,clear sky
2025-02-21 09:31:21,-0.24,27,clear sky
2025-02-21 09:44:03,-0.24,27,clear sky
2025-02-21 09:56:42,-0.24,27,clear sky
2025-02-21 10:25:41,-2.24,37,clear sky
2025-02-21 10:42:17,-2.24,37,clear sky
2025-02-21 10:54:49,-2.24,37,clear sky
2025-02-21 11:18:26,-2.15,33,clear sky
2025-02-21 11:31:20,-2.24,40,clear sky
2025-02-21 11:44:02,-2.24,40,clear sky
2025-02-21 11:56:45,-2.24,40,clear sky
2025-02-21 12:46:49,-3.24,46,clear sky
2025-02-21 13:14:19,-2.69,39,clear sky
2025-02-21 13:31:56,-4.24,50,clear sky
2025-02-21 13:44:35,-4.24,50,clear sky
2025-02-21 13:57:16,-4.24,50,clear sky
2025-02-21 14:22:21,-4.24,50,clear sky
2025-02-21 14:38:39,-4.24,50,clear sky
2025-02-21 14:51:24,-4.24,50,clear sky
2025-02-21 15:14:19,-4.24,50,clear sky
2025-02-21 15:31:59,-4.24,54,clear sky
2025-02-21 15:44:44,-4.24,54,clear sky
2025-02-21 15:57:10,-4.24,54,clear sky
2025-02-21 16:29:32,-5.24,58,clear sky
2025-02-21 16:44:45,-5.24,58,clear sky
2025-02-21 16:57:10,-5.24,58,clear sky
2025-02-21 17:20:29,-3.39,38,few clouds
2025-02-21 17:34:14,-5.24,63,clear sky
2025-02-21 17:46:57,-5.24,63,clear sky
2025-02-21 17:59:19,-5.24,63,clear sky
2025-02-21 18:32:35,-6.24,73,clear sky
2025-02-21 18:47:36,-6.24,73,clear sky
2025-02-21 19:00:16,-6.24,73,clear sky
2025-02-21 19:19:11,-4,38,clear sky
2025-02-21 19:32:25,-7.24,73,clear sky
2025-02-21 19:45:06,-7.24,73,clear sky
2025-02-21 19:57:30,-7.24,73,clear sky
2025-02-21 20:24:53,-8.24,86,clear sky
2025-02-21 20:39:31,-8.24,86,clear sky
2025-02-21 20:52:07,-8.24,86,clear sky
2025-02-21 21:12:50,-8.24,86,clear sky
2025-02-21 21:27:45,-7.24,73,clear sky
2025-02-21 21:40:07,-7.24,73,clear sky
2025-02-21 21:52:40,-7.24,73,clear sky
2025-02-21 22:15:00,-7.24,73,clear sky
2025-02-21 22:33:41,-7.24,79,clear sky
2025-02-21 22:46:21,-7.24,79,clear sky
2025-02-21 22:58:47,-7.24,79,clear sky
2025-02-21 23:24:03,-4.52,41,clear sky
2025-02-21 23:37:33,-6.24,73,clear sky
2025-02-21 23:50:05,-6.24,73,clear sky
2025-02-22 00:52:45,-3.24,59,clear sky
2025-02-22 02:12:21,-1.24,43,clear sky
2025-02-22 02:54:58,-0.24,34,clear sky
2025-02-22 03:23:31,0.76,34,clear sky
2025-02-22 03:39:25,0.76,34,clear sky
2025-02-22 03:52:02,0.76,34,clear sky
2025-02-22 04:17:32,-0.83,25,clear sky
2025-02-22 04:38:48,1.76,32,clear sky
2025-02-22 04:51:22,1.76,32,clear sky
2025-02-22 05:13:02,1.76,32,clear sky
2025-02-22 05:31:19,0.76,34,clear sky
2025-02-22 05:43:55,0.76,34,clear sky
2025-02-22 05:56:35,0.76,34,clear sky
2025-02-22 06:32:47,0.76,37,clear sky
2025-02-22 06:48:17,0.76,37,clear sky
2025-02-22 07:06:51,0.76,37,clear sky
2025-02-22 07:23:40,-0.02,28,clear sky
2025-02-22 07:36:44,0.76,37,clear sky
2025-02-22 07:49:25,0.76,37,clear sky
2025-02-22 08:11:43,0.76,37,clear sky
2025-02-22 08:32:24,0.76,37,clear sky
2025-02-22 08:45:06,0.76,37,clear sky
2025-02-22 08:57:35,0.76,37,clear sky
2025-02-22 09:23:03,-0.49,28,clear sky
2025-02-22 09:36:03,-1.24,47,clear sky
2025-02-22 09:48:36,-1.24,47,clear sky
2025-02-22 10:07:38,-1.44,31,clear sky
2025-02-22 10:32:41,-1.24,51,clear sky
2025-02-22 10:45:19,-1.24,51,clear sky
2025-02-22 10:57:44,-1.24,51,clear sky
2025-02-22 11:17:09,-1.24,51,clear sky
2025-02-22 11:29:41,-2.24,37,clear sky
2025-02-22 11:42:26,-2.24,37,clear sky
2025-02-22 11:55:04,-2.24,37,clear sky
2025-02-22 12:37:43,-4.24,42,clear sky
2025-02-22 12:59:49,-4.24,42,clear sky
2025-02-22 13:24:50,-5.24,46,clear sky
2025-02-22 13:37:35,-5.24,46,clear sky
2025-02-22 13:50:12,-5.24,46,clear sky
2025-02-22 14:09:21,-3.59,39,broken clouds
2025-02-22 14:28:45,-5.24,50,clear sky
2025-02-22 14:41:15,-5.24,50,clear sky
2025-02-22 14:53:58,-5.24,50,clear sky
2025-02-22 15:17:31,-5.24,50,clear sky
2025-02-22 15:30:14,-6.24,53,clear sky
2025-02-22 15:42:52,-6.24,53,clear sky
2025-02-22 15:55:28,-6.24,53,clear sky
2025-02-22 16:24:56,-6.24,58,clear sky
2025-02-22 16:41:27,-6.24,58,clear sky
2025-02-22 16:54:07,-6.24,58,clear sky
2025-02-22 17:16:14,-6.24,58,clear sky
2025-02-22 17:31:50,-8.24,62,clear sky
2025-02-22 17:44:37,-8.24,62,clear sky
2025-02-22 17:57:08,-8.24,62,clear sky
2025-02-22 18:29:09,-7.24,58,clear sky
2025-02-22 18:43:51,-7.24,58,clear sky
2025-02-22 18:56:15,-7.24,58,clear sky
2025-02-22 19:17:06,-4.19,39,clear sky
2025-02-22 19:29:37,-9.24,67,clear sky
2025-02-22 19:42:18,-9.24,67,clear sky
2025-02-22 19:54:45,-9.24,67,clear sky
2025-02-22 20:20:09,-4.47,37,clear sky
2025-02-22 20:33:46,-8.24,67,clear sky
2025-02-22 20:46:30,-8.24,67,clear sky
2025-02-22 20:58:52,-8.24,67,clear sky
2025-02-22 21:21:32,-4.75,35,clear sky
2025-02-22 21:35:08,-8.24,67,clear sky
2025-02-22 21:47:42,-8.24,67,clear sky
2025-02-22 22:00:09,-8.24,67,clear sky
2025-02-22 22:24:25,-7.24,63,clear sky
2025-02-22 22:38:21,-7.24,63,clear sky
2025-02-22 22:51:11,-7.24,63,clear sky
2025-02-22 23:11:48,-4.93,37,clear sky
2025-02-22 23:26:52,-5.24,58,clear sky
2025-02-22 23:39:21,-5.24,58,clear sky
2025-02-22 23:52:08,-5.24,58,clear sky
2025-02-23 01:16:53,-3.94,35,clear sky
2025-02-23 02:35:13,-1.24,37,clear sky
2025-02-23 03:06:25,-1.24,37,clear sky
2025-02-23 03:33:53,-2.24,34,few clouds
2025-02-23 03:46:45,-2.24,34,few clouds
2025-02-23 03:59:05,-2.24,34,few clouds
2025-02-23 04:28:37,-0.24,32,few clouds
2025-02-23 04:45:03,-0.24,32,few clouds
2025-02-23 04:57:25,-0.24,32,few clouds
2025-02-23 05:23:02,-1.47,25,clear sky
2025-02-23 05:38:01,-0.24,27,clear sky
2025-02-23 05:50:24,-0.24,27,clear sky
2025-02-23 06:15:20,-1.29,24,few clouds
2025-02-23 06:38:09,-0.24,29,clear sky
2025-02-23 06:50:49,-0.24,29,clear sky
2025-02-23 07:11:46,-1.38,24,clear sky
2025-02-23 07:27:06,-0.24,34,clear sky
2025-02-23 07:39:32,-0.24,34,clear sky
2025-02-23 07:52:07,-0.24,34,clear sky
2025-02-23 08:19:01,-1.71,26,clear sky
2025-02-23 08:37:05,-0.24,29,clear sky
2025-02-23 08:49:42,-0.24,29,clear sky
2025-02-23 09:09:37,-0.24,29,clear sky
2025-02-23 09:28:58,-2.24,34,clear sky
2025-02-23 09:41:49,-2.24,34,clear sky
2025-02-23 09:54:33,-2.24,34,clear sky
2025-02-23 10:20:14,-3.24,36,clear sky
2025-02-23 10:37:31,-3.24,36,clear sky
2025-02-23 10:50:03,-3.24,36,clear sky
2025-02-23 11:09:30,-3.24,36,clear sky
2025-02-23 11:24:02,-4.24,42,clear sky
2025-02-23 11:38:32,-4.24,42,clear sky
2025-02-23 11:51:16,-4.24,42,clear sky
2025-02-23 12:23:47,-3.59,37,clear sky
2025-02-23 12:55:22,-5.24,50,clear sky
2025-02-23 13:22:15,-5.24,50,clear sky
2025-02-23 13:35:12,-5.24,50,clear sky
2025-02-23 13:47:54,-5.24,50,clear sky
2025-02-23 14:00:34,-5.24,50,clear sky
2025-02-23 14:24:15,-6.24,53,clear sky
2025-02-23 14:39:46,-6.24,53,clear sky
2025-02-23 14:52:09,-6.24,53,clear sky
2025-02-23 15:13:50,-6.24,53,clear sky
2025-02-23 15:29:03,-6.24,53,clear sky
2025-02-23 15:41:42,-6.24,53,clear sky
2025-02-23 15:54:44,-6.24,53,clear sky
2025-02-23 16:23:00,-3.61,39,clear sky
2025-02-23 16:39:41,-6.24,58,clear sky
2025-02-23 16:52:22,-6.24,58,clear sky
2025-02-23 17:13:12,-3.7,39,clear sky
2025-02-23 17:29:24,-8.24,62,clear sky
2025-02-23 17:42:01,-8.24,62,clear sky
2025-02-23 17:54:26,-8.24,62,clear sky
2025-02-23 18:25:04,-8.24,67,clear sky
2025-02-23 18:42:04,-8.24,67,clear sky
2025-02-23 18:54:47,-8.24,67,clear sky
2025-02-23 19:15:02,-8.24,67,clear sky
2025-02-23 19:27:50,-10.24,79,clear sky
2025-02-23 19:40:26,-10.24,79,clear sky
2025-02-23 19:53:09,-10.24,79,clear sky
2025-02-23 20:17:26,-4.09,42,clear sky
2025-02-23 20:32:03,-10.24,73,clear sky
2025-02-23 20:44:22,-10.24,73,clear sky
2025-02-23 20:57:08,-10.24,73,clear sky
2025-02-23 21:21:16,-4.28,42,clear sky
2025-02-23 21:34:36,-9.24,73,clear sky
2025-02-23 21:46:56,-9.24,73,clear sky
2025-02-23 21:59:33,-9.24,73,clear sky
2025-02-23 22:24:31,-4.35,43,clear sky
2025-02-23 22:38:52,-10.24,79,clear sky
2025-02-23 22:51:44,-10.24,79,clear sky
2025-02-23 23:12:58,-10.24,79,clear sky
2025-02-23 23:27:45,-7.24,68,clear sky
2025-02-23 23:40:30,-7.24,68,clear sky
2025-02-23 23:53:02,-7.24,68,clear sky
2025-02-24 01:21:10,-0.24,37,clear sky
2025-02-24 02:38:34,0.76,32,clear sky
2025-02-24 03:15:02,-0.67,29,clear sky
2025-02-24 03:40:04,1.76,30,clear sky
2025-02-24 03:52:25,1.76,30,clear sky
2025-02-24 04:19:31,0.38,26,clear sky
2025-02-24 04:38:47,2.76,30,clear sky
2025-02-24 04:51:28,2.76,30,clear sky
2025-02-24 05:14:21,1.22,24,clear sky
2025-02-24 05:33:37,3.76,33,clear sky
2025-02-24 05:46:25,3.76,33,clear sky
2025-02-24 05:58:49,3.76,33,clear sky
2025-02-24 06:35:11,3.76,33,clear sky
2025-02-24 06:50:33,3.76,33,clear sky
2025-02-24 07:12:31,3.76,33,clear sky
2025-02-24 07:28:34,3.76,30,clear sky
2025-02-24 07:41:13,3.76,30,clear sky
2025-02-24 07:54:07,3.76,30,clear sky
2025-02-24 08:26:16,3.76,30,clear sky
2025-02-24 08:58:16,3.76,30,clear sky
2025-02-24 09:26:56,1.76,35,clear sky
2025-02-24 09:41:48,1.76,35,clear sky
2025-02-24 09:54:25,1.76,35,clear sky
2025-02-24 10:22:26,1.12,32,clear sky
2025-02-24 10:41:19,0.76,40,clear sky
2025-02-24 10:54:13,0.76,40,clear sky
2025-02-24 11:16:25,0.54,35,clear sky
2025-02-24 11:29:10,0.76,60,clear sky
2025-02-24 11:41:33,0.76,60,clear sky
2025-02-24 11:53:55,0.76,60,clear sky
2025-02-24 12:39:06,0.76,64,clear sky
2025-02-24 13:12:29,0.76,64,clear sky
2025-02-24 13:35:32,-0.24,69,clear sky
2025-02-24 13:48:11,-0.24,69,clear sky
2025-02-24 14:08:04,-0.24,69,clear sky
2025-02-24 14:32:18,-2.24,86,clear sky
2025-02-24 14:45:40,-2.24,86,clear sky
2025-02-24 14:58:14,-2.24,86,clear sky
2025-02-24 15:27:25,-5.24,93,clear sky
2025-02-24 15:43:23,-5.24,93,clear sky
2025-02-24 15:56:06,-5.24,93,clear sky
2025-02-24 16:31:08,-6.24,100,clear sky
2025-02-24 16:49:30,-6.24,100,clear sky
2025-02-24 17:09:52,-0.46,50,clear sky
2025-02-24 17:29:10,-5.24,100,clear sky
2025-02-24 17:41:55,-5.24,100,clear sky
2025-02-24 17:54:35,-5.24,100,clear sky
2025-02-24 18:29:08,-7.24,93,clear sky
2025-02-24 18:47:21,-7.24,93,clear sky
2025-02-24 18:59:44,-7.24,93,clear sky
2025-02-24 19:19:54,-0.5,65,few clouds
2025-02-24 19:33:59,-6.24,93,clear sky
2025-02-24 19:46:48,-6.24,93,clear sky
2025-02-24 19:59:14,-6.24,93,clear sky
2025-02-24 20:26:59,-7.24,100,clear sky
2025-02-24 20:41:50,-7.24,100,clear sky
2025-02-24 20:54:12,-7.24,100,clear sky
2025-02-24 21:17:29,-0.58,69,broken clouds
2025-02-24 21:30:45,-7.24,100,clear sky
2025-02-24 21:43:08,-7.24,100,clear sky
2025-02-24 21:55:45,-7.24,100,clear sky
2025-02-24 22:22:32,-6.24,100,clear sky
2025-02-24 22:38:47,-6.24,100,clear sky
2025-02-24 22:51:29,-6.24,100,clear sky
2025-02-24 23:13:32,-0.53,66,scattered clouds
2025-02-24 23:29:16,-3.24,93,clear sky
2025-02-24 23:41:53,-3.24,93,clear sky
2025-02-24 23:54:25,-3.24,93,clear sky
2025-02-25 01:40:06,3.76,60,clear sky
2025-02-25 02:43:33,3.76,60,broken clouds
2025-02-25 03:15:03,3.76,60,broken clouds
2025-02-25 03:39:15,5.76,52,broken clouds
2025-02-25 03:51:34,5.76,52,broken clouds
2025-02-25 04:18:03,3.82,50,overcast clouds
2025-02-25 04:37:58,4.76,56,broken clouds
2025-02-25 04:50:35,4.76,56,broken clouds
2025-02-25 05:12:41,4.76,56,broken clouds
2025-02-25 05:32:48,4.76,60,broken clouds
2025-02-25 05:45:20,4.76,60,broken clouds
2025-02-25 05:57:48,4.76,60,broken clouds
2025-02-25 06:33:30,4.76,65,broken clouds
2025-02-25 06:49:13,4.76,65,broken clouds
2025-02-25 07:10:08,4.56,56,overcast clouds
2025-02-25 07:28:04,5.76,61,broken clouds
2025-02-25 07:40:42,5.76,61,broken clouds
2025-02-25 07:53:17,5.76,61,broken clouds
2025-02-25 08:23:37,4.44,60,overcast clouds
2025-02-25 08:43:31,4.76,65,broken clouds
2025-02-25 08:56:16,4.76,65,broken clouds
2025-02-25 09:25:44,4.76,70,broken clouds
2025-02-25 09:41:01,4.76,70,broken clouds
2025-02-25 09:53:43,4.76,70,broken clouds
2025-02-25 10:20:21,3.37,71,overcast clouds
2025-02-25 10:40:24,3.76,75,broken clouds
2025-02-25 10:53:09,3.76,75,broken clouds
2025-02-25 11:14:42,3.15,76,broken clouds
2025-02-25 11:28:18,3.76,75,broken clouds
2025-02-25 11:40:50,3.76,75,broken clouds
2025-02-25 11:53:40,3.76,75,broken clouds
2025-02-25 12:37:46,3.76,81,scattered clouds
2025-02-25 13:05:19,3.76,81,scattered clouds
2025-02-25 13:32:46,1.76,93,scattered clouds
2025-02-25 13:45:27,1.76,93,scattered clouds
2025-02-25 13:57:54,1.76,93,scattered clouds
2025-02-25 14:25:18,1.76,93,scattered clouds
2025-02-25 14:43:22,1.76,93,scattered clouds
2025-02-25 14:56:07,1.76,93,scattered clouds
2025-02-25 15:26:05,2.76,93,scattered clouds
2025-02-25 15:42:36,2.76,93,scattered clouds
2025-02-25 15:55:25,2.76,93,scattered clouds
2025-02-25 16:29:24,2.76,93,mist
2025-02-25 16:48:33,2.76,93,mist
2025-02-25 17:09:28,1.9,90,clear sky
2025-02-25 17:32:50,2.76,100,mist
2025-02-25 17:45:27,2.76,100,mist
2025-02-25 17:57:57,2.76,100,mist
2025-02-25 18:33:41,2.76,100,mist
2025-02-25 18:49:45,2.76,100,mist
2025-02-25 19:08:47,2.76,100,mist
2025-02-25 19:24:10,1.76,100,mist
2025-02-25 19:37:39,1.76,100,mist
2025-02-25 19:50:17,1.76,100,mist
2025-02-25 20:13:18,0.19,69,clear sky
2025-02-25 20:32:27,-0.24,100,mist
2025-02-25 20:44:52,-0.24,100,mist
2025-02-25 20:57:22,-0.24,100,mist
2025-02-25 21:22:28,-0.26,56,clear sky
2025-02-25 21:36:34,-1.24,93,fog
2025-02-25 21:49:02,-1.24,93,fog
2025-02-25 22:08:43,-1.24,93,fog
2025-02-25 22:31:39,-4.24,100,fog
2025-02-25 22:44:15,-4.24,100,fog
2025-02-25 22:56:59,-4.24,100,fog
2025-02-25 23:22:03,-0.39,37,clear sky
2025-02-25 23:35:41,-2.24,93,fog
2025-02-25 23:48:16,-2.24,93,fog
2025-02-26 00:38:37,1.76,87,mist
2025-02-26 02:09:32,2.83,19,clear sky
2025-02-26 02:59:27,4.76,45,haze
2025-02-26 03:32:30,6.76,26,clear sky
2025-02-26 03:48:20,6.76,26,clear sky
2025-02-26 04:10:40,6.76,26,clear sky
2025-02-26 04:36:31,7.76,17,clear sky
2025-02-26 04:50:35,7.76,17,clear sky
2025-02-26 05:12:24,7.76,17,clear sky
2025-02-26 05:32:38,7.76,21,clear sky
2025-02-26 05:45:07,7.76,21,clear sky
2025-02-26 05:57:33,7.76,21,clear sky
2025-02-26 06:33:32,7.76,19,clear sky
2025-02-26 06:49:13,7.76,19,clear sky
2025-02-26 07:10:18,7.76,19,clear sky
2025-02-26 07:27:44,7.76,18,clear sky
2025-02-26 07:40:12,7.76,18,clear sky
2025-02-26 07:52:50,7.76,18,clear sky
2025-02-26 08:22:44,5.22,23,clear sky
2025-02-26 08:43:25,6.76,19,clear sky
2025-02-26 08:56:02,6.76,19,clear sky
2025-02-26 09:25:19,4.76,22,clear sky
2025-02-26 09:40:51,4.76,22,clear sky
2025-02-26 09:53:29,4.76,22,clear sky
2025-02-26 10:19:53,2.76,23,clear sky
2025-02-26 10:40:10,2.76,23,clear sky
2025-02-26 10:52:40,2.76,23,clear sky
2025-02-26 11:14:26,2.76,23,clear sky
2025-02-26 11:28:06,1.76,27,clear sky
2025-02-26 11:40:25,1.76,27,clear sky
2025-02-26 11:53:03,1.76,27,clear sky
2025-02-26 12:35:11,0.76,37,clear sky
2025-02-26 13:04:10,0.76,37,clear sky
2025-02-26 13:32:11,-0.24,40,clear sky
2025-02-26 13:44:31,-0.24,40,clear sky
2025-02-26 13:57:18,-0.24,40,clear sky
2025-02-26 14:24:36,-1.24,51,clear sky
2025-02-26 14:42:21,-1.24,51,clear sky
2025-02-26 14:55:03,-1.24,51,clear sky
2025-02-26 15:25:12,0.74,57,clear sky
2025-02-26 15:42:36,-4.24,68,clear sky
2025-02-26 15:55:19,-4.24,68,clear sky
2025-02-26 16:29:12,-4.24,74,clear sky
2025-02-26 16:48:35,-4.24,74,clear sky
2025-02-26 17:08:02,-4.24,74,clear sky
2025-02-26 17:29:23,-5.24,63,clear sky
2025-02-26 17:42:07,-5.24,63,clear sky
2025-02-26 17:54:44,-5.24,63,clear sky
2025-02-26 18:29:22,0.16,58,clear sky
2025-02-26 18:47:34,0.05,55,clear sky
2025-02-26 18:59:57,0.15,57,clear sky
2025-02-26 19:20:09,0.15,57,clear sky
2025-02-26 19:34:21,0.07,56,clear sky
2025-02-26 19:47:10,0.07,56,clear sky
2025-02-26 19:59:51,-6.24,73,clear sky
2025-02-26 20:27:01,-6.24,73,clear sky
2025-02-26 20:41:44,-6.24,73,clear sky
2025-02-26 20:54:14,-6.24,73,clear sky
2025-02-26 21:18:45,0.01,54,clear sky
2025-02-26 21:32:00,-6.24,79,clear sky
2025-02-26 21:44:25,-6.24,79,clear sky
2025-02-26 21:57:04,-6.24,79,clear sky
2025-02-26 22:24:04,-6.24,86,clear sky
2025-02-26 22:40:28,-6.24,86,clear sky
2025-02-26 22:52:55,-6.24,86,clear sky
2025-02-26 23:17:24,0.34,48,clear sky
2025-02-26 23:32:45,-4.24,80,clear sky
2025-02-26 23:45:15,-4.24,80,clear sky
2025-02-26 23:57:40,-4.24,80,clear sky
2025-02-27 01:52:54,5.76,24,clear sky
2025-02-27 02:52:02,8.76,25,clear sky
2025-02-27 03:22:36,9.76,16,clear sky
2025-02-27 03:43:43,9.76,16,clear sky
2025-02-27 03:56:17,9.76,16,clear sky
2025-02-27 04:28:12,11.76,13,clear sky
2025-02-27 04:45:03,11.76,13,clear sky
2025-02-27 04:57:43,11.76,13,clear sky
2025-02-27 05:25:50,12.76,11,clear sky
2025-02-27 05:42:08,12.76,11,clear sky
2025-02-27 05:54:55,12.76,11,clear sky
2025-02-27 06:30:34,12.76,11,few clouds
2025-02-27 06:48:06,12.76,11,few clouds
2025-02-27 07:07:49,12.76,11,few clouds
2025-02-27 07:26:31,12.76,13,clear sky
2025-02-27 07:39:20,12.76,13,clear sky
2025-02-27 07:52:00,12.76,13,clear sky
2025-02-27 08:19:50,11.76,16,clear sky
2025-02-27 08:40:29,11.76,16,clear sky
2025-02-27 08:53:23,11.76,16,clear sky
2025-02-27 09:19:28,8.93,15,broken clouds
2025-02-27 09:36:00,10.76,19,clear sky
2025-02-27 09:48:43,10.76,19,clear sky
2025-02-27 10:09:51,7.7,16,broken clouds
2025-02-27 10:34:56,6.76,31,clear sky
2025-02-27 10:47:34,6.76,31,clear sky
2025-02-27 11:00:21,6.76,31,clear sky
2025-02-27 11:21:08,7.3,17,broken clouds
2025-02-27 11:35:25,2.76,41,clear sky
2025-02-27 11:47:53,2.76,41,clear sky
2025-02-27 12:13:32,6.4,18,broken clouds
2025-02-27 12:54:48,2.76,41,clear sky
2025-02-27 13:28:16,5.92,17,overcast clouds
2025-02-27 13:43:03,-0.24,51,clear sky
2025-02-27 13:55:35,-0.24,51,clear sky
2025-02-27 14:22:19,5.29,18,overcast clouds
2025-02-27 14:40:22,-0.24,59,clear sky
2025-02-27 14:52:57,-0.24,59,clear sky
2025-02-27 15:19:34,4.62,21,broken clouds
2025-02-27 15:36:53,0.76,60,broken clouds
2025-02-27 15:49:37,0.76,60,broken clouds
2025-02-27 16:13:41,4.18,23,broken clouds
2025-02-27 16:41:11,-0.24,69,broken clouds
2025-02-27 16:53:55,-0.24,69,broken clouds
2025-02-27 17:17:24,3.83,25,broken clouds
2025-02-27 17:34:56,0.76,75,broken clouds
2025-02-27 17:47:18,0.76,75,broken clouds
2025-02-27 18:00:04,0.76,75,broken clouds
2025-02-27 18:34:40,0.76,64,broken clouds
2025-02-27 18:50:31,0.76,64,broken clouds
2025-02-27 19:10:05,4,35,broken clouds
2025-02-27 19:25:09,-0.24,64,scattered clouds
2025-02-27 19:38:59,-0.24,64,scattered clouds
2025-02-27 19:51:41,-0.24,64,scattered clouds
2025-02-27 20:16:16,-0.24,64,scattered clouds
2025-02-27 20:34:02,-0.24,69,broken clouds
2025-02-27 20:46:37,-0.24,69,broken clouds
2025-02-27 20:58:59,-0.24,69,broken clouds
2025-02-27 21:23:21,-0.24,80,broken clouds
2025-02-27 21:37:03,-0.24,80,broken clouds
2025-02-27 21:49:27,-0.24,80,broken clouds
2025-02-27 22:09:57,3.61,41,broken clouds
2025-02-27 22:33:11,1.76,64,broken clouds
2025-02-27 22:45:46,1.76,64,broken clouds
2025-02-27 22:58:16,1.76,64,broken clouds
2025-02-27 23:23:32,1.76,75,broken clouds
2025-02-27 23:37:08,1.76,75,broken clouds
2025-02-27 23:49:54,1.76,75,broken clouds
2025-02-28 00:54:18,4.76,52,broken clouds
2025-02-28 02:20:48,5.45,45,overcast clouds
2025-02-28 03:04:32,9.76,40,broken clouds
2025-02-28 03:34:51,10.76,58,broken clouds
2025-02-28 03:49:32,10.76,58,broken clouds
2025-02-28 04:13:33,10.76,62,broken clouds
2025-02-28 04:37:00,10.76,62,broken clouds
2025-02-28 04:49:39,10.76,62,broken clouds
2025-02-28 05:11:26,10.76,62,broken clouds
2025-02-28 05:33:32,10.76,62,broken clouds
2025-02-28 05:46:14,10.76,62,broken clouds
2025-02-28 05:58:38,10.76,62,broken clouds
2025-02-28 06:33:54,11.76,58,broken clouds
2025-02-28 06:49:38,11.76,58,broken clouds
2025-02-28 07:11:07,11.76,58,broken clouds
2025-02-28 07:28:22,11.76,58,broken clouds
2025-02-28 07:41:03,11.76,58,broken clouds
2025-02-28 07:53:35,11.76,58,broken clouds
2025-02-28 08:23:58,10.76,66,scattered clouds
2025-02-28 08:43:03,10.76,66,scattered clouds
2025-02-28 08:55:44,10.76,66,scattered clouds
2025-02-28 09:24:36,8.65,65,clear sky
2025-02-28 09:39:49,9.76,71,clear sky
2025-02-28 09:52:30,9.76,71,clear sky
2025-02-28 10:17:40,7.71,69,clear sky
2025-02-28 10:38:18,4.76,87,clear sky
2025-02-28 10:50:59,4.76,87,clear sky
2025-02-28 11:11:15,4.76,100,clear sky
2025-02-28 11:26:07,4.76,100,clear sky
2025-02-28 11:39:16,4.76,100,clear sky
2025-02-28 11:52:00,4.76,100,clear sky
2025-02-28 12:30:26,3.76,100,clear sky
2025-02-28 13:01:50,3.76,100,clear sky
2025-02-28 13:30:42,6.05,74,clear sky
2025-02-28 13:43:21,3.76,100,mist
2025-02-28 13:55:42,3.76,100,mist
2025-02-28 14:22:39,0.76,100,mist
2025-02-28 14:39:47,0.76,100,mist
2025-02-28 14:52:44,0.76,100,mist
2025-02-28 15:18:01,0.76,100,fog
2025-02-28 15:35:30,0.76,100,fog
2025-02-28 15:47:58,0.76,100,fog
2025-02-28 16:09:18,0.76,100,fog
2025-02-28 16:36:21,-1.24,100,fog
2025-02-28 16:49:52,-0.24,93,fog
2025-02-28 17:10:01,-0.24,93,fog
2025-02-28 17:30:08,-0.24,100,fog
2025-02-28 17:42:50,-0.24,100,fog
2025-02-28 17:55:07,-0.24,100,fog
2025-02-28 18:30:34,-1.24,100,fog
2025-02-28 18:47:48,-1.24,100,fog
2025-02-28 19:00:20,-1.24,100,fog
2025-02-28 19:21:09,-0.24,100,fog
2025-02-28 19:35:14,-0.24,100,fog
2025-02-28 19:47:54,-0.24,100,fog
2025-02-28 20:00:57,-0.24,100,fog
2025-02-28 20:26:46,-0.24,100,fog
2025-02-28 20:42:29,-0.24,100,fog
2025-02-28 20:55:02,-0.24,100,fog
2025-02-28 21:19:46,3.56,79,overcast clouds
2025-02-28 21:33:15,-1.24,100,fog
2025-02-28 21:45:56,-1.24,100,fog
2025-02-28 21:58:36,-1.24,100,fog
2025-02-28 22:24:52,-1.24,100,fog
2025-02-28 22:40:43,-1.24,100,fog
2025-02-28 22:53:23,-0.24,93,fog
2025-02-28 23:16:48,-0.24,93,fog
2025-02-28 23:29:50,-0.24,100,fog
2025-02-28 23:42:31,-0.24,100,fog
2025-02-28 23:55:02,-0.24,100,fog
2025-03-01 01:51:15,5.76,100,mist
2025-03-01 02:53:57,8.76,71,mist
2025-03-01 03:30:41,13.76,44,overcast clouds
2025-03-01 03:49:08,13.76,44,haze
2025-03-01 04:11:43,13.76,44,haze
2025-03-01 04:33:33,12.76,47,haze
2025-03-01 04:46:13,12.76,47,haze
2025-03-01 04:58:38,12.76,47,haze
2025-03-01 05:24:17,8.49,49,moderate rain
2025-03-01 05:39:10,11.76,54,light rain
2025-03-01 05:51:33,11.76,54,moderate rain
2025-03-01 06:19:39,12.78,50,haze
2025-03-01 06:41:46,10.76,82,moderate rain
2025-03-01 06:54:33,10.76,82,broken clouds
2025-03-01 07:18:21,10.76,82,broken clouds
2025-03-01 07:31:17,11.76,66,haze
2025-03-01 07:43:44,11.76,66,haze
2025-03-01 07:56:22,11.76,66,haze
2025-03-01 08:27:51,11.76,62,haze
2025-03-01 08:44:31,11.76,62,haze
2025-03-01 08:56:54,11.76,62,haze
2025-03-01 09:22:57,7.6,64,overcast clouds
2025-03-01 09:36:28,10.76,71,haze
2025-03-01 09:49:16,10.76,71,haze
2025-03-01 10:09:54,10.76,71,haze
2025-03-01 10:32:12,9.76,76,broken clouds
2025-03-01 10:44:40,9.76,76,broken clouds
2025-03-01 10:57:12,9.76,76,broken clouds
2025-03-01 11:17:46,9.76,76,broken clouds
2025-03-01 11:30:42,7.76,81,overcast clouds
2025-03-01 11:43:07,7.76,81,broken clouds
2025-03-01 11:55:50,7.76,81,broken clouds
2025-03-01 12:42:15,5.76,100,mist
2025-03-01 13:04:49,5.76,100,mist
2025-03-01 13:27:51,6.76,93,mist
2025-03-01 13:40:32,6.76,93,mist
2025-03-01 13:53:16,6.76,93,mist
2025-03-01 14:15:04,6.76,93,mist
2025-03-01 14:32:45,6.76,87,mist
2025-03-01 14:45:18,6.76,87,mist
2025-03-01 14:58:06,6.76,87,mist
2025-03-01 15:25:07,3.76,100,mist
2025-03-01 15:39:25,3.76,100,mist
2025-03-01 15:52:15,3.76,100,mist
2025-03-01 16:17:33,7.07,55,broken clouds
2025-03-01 16:37:57,3.76,100,mist
2025-03-01 16:50:39,3.76,100,mist
2025-03-01 17:10:28,6.77,56,broken clouds
2025-03-01 17:28:34,3.76,100,mist
2025-03-01 17:41:15,3.76,100,mist
2025-03-01 17:53:58,3.76,100,mist
2025-03-01 18:24:33,3.76,100,mist
2025-03-01 18:42:23,3.76,100,mist
2025-03-01 18:54:48,3.76,100,mist
2025-03-01 19:15:14,4.76,100,mist
2025-03-01 19:27:55,4.76,100,mist
2025-03-01 19:40:38,4.76,100,mist
2025-03-01 19:53:24,4.76,100,mist
2025-03-01 20:18:03,7.26,53,overcast clouds
2025-03-01 20:32:10,5.76,93,mist
2025-03-01 20:44:38,5.76,93,mist
2025-03-01 20:57:13,5.76,93,mist
2025-03-01 21:21:32,7.18,51,overcast clouds
2025-03-01 21:35:00,4.76,100,mist
2025-03-01 21:47:39,4.76,100,mist
2025-03-01 22:00:05,4.76,100,mist
2025-03-01 22:25:14,7.16,51,overcast clouds
2025-03-01 22:40:06,4.76,100,mist
2025-03-01 22:53:01,4.76,100,mist
2025-03-01 23:17:08,4.76,100,mist
2025-03-01 23:30:27,5.76,87,mist
2025-03-01 23:42:57,5.76,87,mist
2025-03-01 23:55:23,5.76,87,mist
2025-03-02 01:53:29,8.76,71,broken clouds
2025-03-02 02:55:31,10.76,62,broken clouds
2025-03-02 03:29:47,12.76,54,overcast clouds
2025-03-02 03:47:02,12.76,54,broken clouds
2025-03-02 03:59:46,12.76,54,broken clouds
2025-03-02 04:28:03,14.76,41,clear sky
2025-03-02 04:43:07,14.76,41,clear sky
2025-03-02 04:55:52,14.76,41,clear sky
2025-03-02 05:24:04,8.99,45,overcast clouds
2025-03-02 05:39:56,8.99,45,overcast clouds
2025-03-02 05:52:18,13.76,41,clear sky
2025-03-02 06:21:22,8.73,54,overcast clouds
2025-03-02 06:42:16,13.76,35,moderate rain
2025-03-02 06:54:44,13.76,35,moderate rain
2025-03-02 07:17:55,8.09,64,moderate rain
2025-03-02 07:30:40,10.76,62,moderate rain
2025-03-02 07:43:19,10.76,62,moderate rain
2025-03-02 07:56:02,10.76,62,moderate rain
2025-03-02 08:26:43,7.76,93,moderate rain
2025-03-02 08:42:55,7.76,93,moderate rain
2025-03-02 08:55:33,7.76,93,moderate rain
2025-03-02 09:22:39,6.78,87,mist
2025-03-02 09:36:14,6.76,100,moderate rain
2025-03-02 09:48:49,6.76,100,moderate rain
2025-03-02 10:08:26,6.76,100,moderate rain
2025-03-02 10:31:20,5.76,93,moderate rain
2025-03-02 10:43:58,5.76,93,moderate rain
2025-03-02 10:56:22,5.76,93,moderate rain
2025-03-02 11:18:15,4.3,82,light rain
2025-03-02 11:31:05,4.76,93,moderate rain
2025-03-02 11:43:57,4.76,93,light rain
2025-03-02 11:56:37,4.76,93,moderate rain
2025-03-02 12:41:37,4.76,87,light rain
2025-03-02 13:02:57,4.76,87,light rain
2025-03-02 13:26:49,3.2,78,moderate rain
2025-03-02 13:39:33,3.76,93,moderate rain
2025-03-02 13:51:56,3.76,93,light rain
2025-03-02 14:13:47,2.06,82,moderate rain
2025-03-02 14:31:57,2.76,93,moderate rain
2025-03-02 14:44:34,2.76,93,moderate rain
2025-03-02 14:57:11,2.76,93,moderate rain
2025-03-02 15:23:15,2.76,93,moderate rain
2025-03-02 15:37:58,2.76,93,moderate rain
2025-03-02 15:50:28,2.76,93,moderate rain
2025-03-02 16:14:04,0.66,99,snow
2025-03-02 16:36:03,2.76,93,moderate rain
2025-03-02 16:48:35,2.76,93,moderate rain
2025-03-02 17:06:50,2.76,93,moderate rain
2025-03-02 17:26:38,2.76,93,moderate rain
2025-03-02 17:39:18,2.76,93,moderate rain
2025-03-02 17:52:03,2.76,93,moderate rain
2025-03-02 18:20:26,1.76,100,moderate rain
2025-03-02 18:42:04,1.76,100,light rain
2025-03-02 18:54:42,1.76,100,moderate rain
2025-03-02 19:15:30,1.76,100,moderate rain
2025-03-02 19:28:00,0.25,98,snow
2025-03-02 19:40:35,1.76,100,moderate rain
2025-03-02 19:53:14,1.76,100,moderate rain
2025-03-02 20:17:45,0.1,97,snow
2025-03-02 20:31:24,0.76,100,light rain
2025-03-02 20:44:00,0.76,100,moderate rain
2025-03-02 20:56:39,0.76,100,light rain
2025-03-02 21:21:04,0.1,95,snow
2025-03-02 21:34:10,0.76,100,snow
2025-03-02 21:46:58,0.76,100,snow
2025-03-02 21:59:26,0.76,100,snow
2025-03-02 22:25:30,0.76,100,snow
2025-03-02 22:40:37,0.76,100,overcast clouds
2025-03-02 22:53:04,0.76,100,light snow
2025-03-02 23:15:54,0.93,83,overcast clouds
2025-03-02 23:29:10,1.76,93,broken clouds
2025-03-02 23:41:42,1.76,93,mist
2025-03-02 23:54:22,1.76,93,broken clouds
2025-03-03 01:42:27,3.76,65,broken clouds
2025-03-03 02:46:29,4.76,65,clear sky
2025-03-03 03:18:35,2.4,75,broken clouds
2025-03-03 03:43:02,5.76,56,clear sky
2025-03-03 03:55:34,5.76,56,clear sky
2025-03-03 04:28:36,6.76,57,clear sky
2025-03-03 04:45:37,6.76,57,clear sky
2025-03-03 04:58:02,6.76,57,clear sky
2025-03-03 05:25:44,3.66,64,broken clouds
2025-03-03 05:42:06,6.76,57,clear sky
2025-03-03 05:54:34,6.76,57,clear sky
2025-03-03 06:30:46,5.76,52,clear sky
2025-03-03 06:49:36,5.76,52,clear sky
2025-03-03 07:11:37,4.44,52,broken clouds
2025-03-03 07:29:31,4.76,52,clear sky
2025-03-03 07:42:12,4.76,52,clear sky
2025-03-03 07:55:03,4.76,52,clear sky
2025-03-03 08:30:06,4.76,52,clear sky
2025-03-03 08:46:50,4.76,52,clear sky
2025-03-03 08:59:28,4.76,52,clear sky
2025-03-03 09:28:34,3.76,52,clear sky
2025-03-03 09:43:40,3.76,52,clear sky
2025-03-03 09:55:57,3.76,52,clear sky
2025-03-03 10:26:43,2.76,56,clear sky
2025-03-03 10:44:37,2.76,56,clear sky
2025-03-03 10:57:17,2.76,56,clear sky
2025-03-03 11:20:48,1.76,55,clear sky
2025-03-03 11:35:08,1.76,55,clear sky
2025-03-03 11:48:09,1.76,55,clear sky
2025-03-03 12:14:29,0.56,50,overcast clouds
2025-03-03 12:55:29,1.76,51,clear sky
2025-03-03 13:29:56,1.76,51,clear sky
2025-03-03 13:44:17,1.76,51,clear sky
2025-03-03 13:56:33,1.76,51,clear sky
2025-03-03 14:24:31,1.76,48,clear sky
2025-03-03 14:42:30,1.76,48,clear sky
2025-03-03 14:55:11,1.76,48,clear sky
2025-03-03 15:24:42,1.76,51,clear sky
2025-03-03 15:41:48,1.76,51,clear sky
2025-03-03 15:54:30,1.76,51,clear sky
2025-03-03 16:25:53,0.68,52,overcast clouds
2025-03-03 16:47:30,1.76,55,clear sky
2025-03-03 17:00:14,1.76,55,clear sky
2025-03-03 17:24:53,1.76,51,clear sky
2025-03-03 17:40:23,1.76,51,clear sky
2025-03-03 17:52:59,1.76,51,light snow
2025-03-03 18:24:07,0.69,55,light snow
2025-03-03 18:45:38,1.76,51,clear sky
2025-03-03 18:58:02,1.76,51,clear sky
2025-03-03 19:19:47,0.77,57,light snow
2025-03-03 19:33:07,1.76,55,clear sky
2025-03-03 19:45:46,1.76,55,clear sky
2025-03-03 19:58:26,1.76,55,clear sky
2025-03-03 20:26:57,1.76,55,clear sky
2025-03-03 20:43:21,1.76,55,light snow
2025-03-03 20:56:03,1.76,55,clear sky
2025-03-03 21:23:40,0.7,58,overcast clouds
2025-03-03 21:40:01,1.76,55,clear sky
2025-03-03 21:52:42,1.76,55,clear sky
2025-03-03 22:16:03,1.76,55,light snow
2025-03-03 22:35:49,2.76,52,clear sky
2025-03-03 22:48:34,2.76,52,light rain
2025-03-03 23:08:16,2.76,52,clear sky
2025-03-03 23:27:03,2.76,56,clear sky
2025-03-03 23:40:21,2.76,56,light rain
2025-03-03 23:53:19,2.76,56,snow
2025-03-04 01:24:01,-0.24,100,snow
2025-03-04 02:42:15,0.76,100,snow
2025-03-04 03:17:38,0.76,100,snow
2025-03-04 03:42:05,0.76,100,snow
2025-03-04 03:54:41,0.76,100,snow
2025-03-04 04:25:51,1.76,100,snow
2025-03-04 04:44:03,1.76,100,snow
2025-03-04 04:56:38,1.39,82,snow
2025-03-04 05:23:54,1.76,100,light rain
2025-03-04 05:40:09,1.76,100,light rain
2025-03-04 05:52:34,1.76,100,light rain
2025-03-04 06:23:26,1.78,93,light rain and snow
2025-03-04 06:45:50,2.76,87,light rain
2025-03-04 06:58:34,2.76,87,light rain
2025-03-04 07:24:07,2.76,93,light rain
2025-03-04 07:38:39,2.76,93,light rain
2025-03-04 07:51:17,2.76,93,broken clouds
2025-03-04 08:16:42,2.76,93,broken clouds
2025-03-04 08:39:23,3.76,81,broken clouds
2025-03-04 08:52:41,3.76,81,broken clouds
2025-03-04 09:18:04,2.78,70,broken clouds
2025-03-04 09:36:11,3.76,70,broken clouds
2025-03-04 09:48:51,3.76,70,broken clouds
2025-03-04 10:10:36,3.76,70,broken clouds
2025-03-04 10:36:39,2.76,81,broken clouds
2025-03-04 10:49:25,2.76,81,broken clouds
2025-03-04 11:08:56,2.76,81,broken clouds
2025-03-04 11:25:55,1.76,87,broken clouds
2025-03-04 11:39:41,1.76,87,broken clouds
2025-03-04 11:52:20,1.76,87,broken clouds
2025-03-04 12:32:37,1.76,87,clear sky
2025-03-04 13:03:37,1.76,87,clear sky
2025-03-04 13:32:47,1.76,80,clear sky
2025-03-04 13:45:33,1.76,80,clear sky
2025-03-04 13:58:00,1.76,80,clear sky
2025-03-04 14:25:19,1.76,75,clear sky
2025-03-04 14:43:08,1.76,75,clear sky
2025-03-04 14:55:50,1.76,75,snow
2025-03-04 15:26:04,1.76,75,clear sky
2025-03-04 15:43:01,1.76,75,light snow
2025-03-04 15:55:30,1.76,75,light snow
2025-03-04 16:30:02,1.76,75,clear sky
2025-03-04 16:49:36,1.76,75,clear sky
2025-03-04 17:09:55,1.76,75,clear sky
2025-03-04 17:30:45,1.76,75,clear sky
2025-03-04 17:43:18,1.76,75,clear sky
2025-03-04 17:55:42,1.76,75,clear sky
2025-03-04 18:33:13,1.76,75,light snow
2025-03-04 18:50:19,1.76,75,clear sky
2025-03-04 19:09:51,1.76,75,clear sky
2025-03-04 19:24:39,1.76,75,clear sky
2025-03-04 19:38:14,1.76,75,clear sky
2025-03-04 19:50:57,1.76,75,clear sky
2025-03-04 20:14:20,1.76,75,clear sky
2025-03-04 20:32:38,1.76,75,clear sky
2025-03-04 20:45:18,1.76,75,light snow
2025-03-04 20:57:43,1.76,75,clear sky
2025-03-04 21:23:07,1.76,75,clear sky
2025-03-04 21:37:05,1.76,75,clear sky
2025-03-04 21:49:59,1.76,75,clear sky
2025-03-04 22:10:50,1.76,75,light snow
2025-03-04 22:31:27,1.76,75,snow
2025-03-04 22:43:59,1.76,75,clear sky
2025-03-04 22:56:28,1.76,75,light snow
2025-03-04 23:22:28,1.35,71,overcast clouds
2025-03-04 23:36:16,1.76,75,clear sky
2025-03-04 23:48:57,1.76,75,clear sky
2025-03-05 00:45:44,2.76,70,light rain
2025-03-05 02:13:24,3.76,65,light rain
2025-03-05 03:03:05,4.76,65,light rain
2025-03-05 03:35:02,4.76,65,clear sky
2025-03-05 03:50:48,4.76,65,clear sky
2025-03-05 04:16:25,6.82,47,overcast clouds
2025-03-05 04:38:09,5.76,65,clear sky
2025-03-05 04:50:41,5.76,65,clear sky
2025-03-05 05:13:11,7.48,43,overcast clouds
2025-03-05 05:34:10,6.76,61,clear sky
2025-03-05 05:47:00,6.76,61,clear sky
2025-03-05 05:59:29,6.76,61,clear sky
2025-03-05 06:34:58,7.76,57,broken clouds
2025-03-05 06:50:56,7.76,57,broken clouds
2025-03-05 07:13:18,7.79,41,overcast clouds
2025-03-05 07:30:52,7.76,57,broken clouds
2025-03-05 07:43:28,7.76,57,broken clouds
2025-03-05 07:56:13,7.76,57,broken clouds
2025-03-05 08:31:25,7.76,57,clear sky
2025-03-05 08:49:14,7.76,57,clear sky
2025-03-05 09:11:08,7.35,40,overcast clouds
2025-03-05 09:31:47,6.76,61,clear sky
2025-03-05 09:44:14,6.76,61,clear sky
2025-03-05 09:56:39,6.76,61,clear sky
2025-03-05 10:26:53,4.76,65,few clouds
2025-03-05 10:44:27,4.76,65,few clouds
2025-03-05 10:57:06,4.76,65,few clouds
2025-03-05 11:20:08,6.22,46,overcast clouds
2025-03-05 11:33:55,3.76,75,few clouds
2025-03-05 11:46:29,3.76,75,few clouds
2025-03-05 11:58:58,3.76,75,few clouds
2025-03-05 12:49:53,3.76,81,clear sky
2025-03-05 13:20:20,4.88,48,clear sky
2025-03-05 13:39:45,1.76,93,clear sky
2025-03-05 13:52:12,1.76,93,clear sky
2025-03-05 14:15:17,4.15,48,clear sky
2025-03-05 14:36:52,1.76,87,clear sky
2025-03-05 14:49:43,1.76,87,clear sky
2025-03-05 15:12:18,1.76,87,clear sky
2025-03-05 15:32:07,0.76,80,clear sky
2025-03-05 15:45:18,0.76,80,clear sky
2025-03-05 15:58:08,0.76,80,clear sky
2025-03-05 16:37:24,-0.24,80,clear sky
2025-03-05 16:56:12,-0.24,80,clear sky
2025-03-05 17:21:57,-1.24,93,clear sky
2025-03-05 17:38:07,-1.24,93,clear sky
2025-03-05 17:50:44,-1.24,93,clear sky
2025-03-05 18:18:39,2.29,52,clear sky
2025-03-05 18:43:10,-2.24,93,clear sky
2025-03-05 18:55:48,-2.24,93,clear sky
2025-03-05 19:19:11,1.97,53,clear sky
2025-03-05 19:32:31,-2.24,86,clear sky
2025-03-05 19:44:59,-2.24,86,clear sky
2025-03-05 19:57:33,-2.24,86,clear sky
2025-03-05 20:26:51,-1.24,80,clear sky
2025-03-05 20:42:45,-1.24,80,clear sky
2025-03-05 20:55:34,-1.24,80,clear sky
2025-03-05 21:21:56,1.39,56,clear sky
2025-03-05 21:36:04,-3.24,86,clear sky
2025-03-05 21:48:47,-3.24,86,clear sky
2025-03-05 22:08:42,-3.24,86,clear sky
2025-03-05 22:31:46,-1.24,86,clear sky
2025-03-05 22:44:34,-1.24,86,clear sky
2025-03-05 22:57:03,-1.24,86,clear sky
2025-03-05 23:24:34,-0.24,80,clear sky
2025-03-05 23:39:10,-0.24,80,clear sky
2025-03-05 23:51:51,-0.24,80,clear sky
2025-03-06 01:12:25,2.76,70,clear sky
2025-03-06 02:36:07,5.76,56,clear sky
2025-03-06 03:16:02,6.76,53,clear sky
2025-03-06 03:41:26,6.76,53,clear sky
2025-03-06 03:54:08,6.76,53,clear sky
2025-03-06 04:25:29,6.72,38,clear sky
2025-03-06 04:45:23,7.76,46,clear sky
2025-03-06 04:57:41,7.76,46,clear sky
2025-03-06 05:25:11,8.76,40,clear sky
2025-03-06 05:42:32,8.76,40,clear sky
2025-03-06 05:55:13,8.76,40,clear sky
2025-03-06 06:31:35,8.76,40,clear sky
2025-03-06 06:49:15,8.76,40,clear sky
2025-03-06 07:10:09,8.39,32,clear sky
2025-03-06 07:29:50,9.76,37,clear sky
2025-03-06 07:43:34,9.76,37,clear sky
2025-03-06 07:55:57,9.76,37,clear sky
2025-03-06 08:30:17,8.76,40,clear sky
2025-03-06 08:48:04,8.76,40,clear sky
2025-03-06 09:08:25,6.76,53,clear sky
2025-03-06 09:30:12,6.76,53,clear sky
2025-03-06 09:43:15,6.76,53,clear sky
2025-03-06 09:56:06,6.76,53,clear sky
2025-03-06 10:26:50,7.77,30,scattered clouds
2025-03-06 10:44:59,5.76,45,clear sky
2025-03-06 10:57:36,5.76,45,clear sky
2025-03-06 11:20:23,4.76,45,clear sky
2025-03-06 11:34:43,4.76,45,clear sky
2025-03-06 11:47:29,4.76,45,clear sky
2025-03-06 12:00:16,4.76,45,clear sky
2025-03-06 12:50:22,2.76,52,clear sky
2025-03-06 13:20:40,2.76,52,clear sky
2025-03-06 13:39:52,2.76,52,clear sky
2025-03-06 13:52:42,2.76,52,clear sky
2025-03-06 14:16:00,4.67,36,clear sky
2025-03-06 14:37:50,-0.24,64,clear sky
2025-03-06 14:50:31,-0.24,64,clear sky
2025-03-06 15:13:23,4.07,38,clear sky
2025-03-06 15:33:20,0.76,60,clear sky
2025-03-06 15:46:53,0.76,60,clear sky
2025-03-06 15:59:25,0.76,60,clear sky
2025-03-06 16:32:16,-1.24,74,clear sky
2025-03-06 16:50:20,-1.24,74,clear sky
2025-03-06 17:11:18,-2.24,86,clear sky
2025-03-06 17:31:25,-2.24,86,clear sky
2025-03-06 17:44:13,-2.24,86,clear sky
2025-03-06 17:56:36,-2.24,86,clear sky
2025-03-06 18:32:52,-2.24,86,clear sky
2025-03-06 18:49:18,-2.24,86,clear sky
2025-03-06 19:08:04,-2.24,86,clear sky
2025-03-06 19:23:42,2.66,42,clear sky
2025-03-06 19:37:25,-3.24,86,clear sky
2025-03-06 19:49:48,-3.24,86,mist
2025-03-06 20:12:32,-3.24,86,mist
2025-03-06 20:31:58,-2.24,86,clear sky
2025-03-06 20:44:33,-2.24,86,mist
2025-03-06 20:56:59,-2.24,86,mist
2025-03-06 21:22:56,-3.24,93,clear sky
2025-03-06 21:36:57,-3.24,93,mist
2025-03-06 21:49:46,-3.24,93,mist
2025-03-06 22:10:14,1.82,43,clear sky
2025-03-06 22:32:27,-2.24,93,clear sky
2025-03-06 22:45:06,-2.24,93,mist
2025-03-06 22:57:40,-2.24,93,mist
2025-03-06 23:23:21,-1.24,86,clear sky
2025-03-06 23:37:21,-1.24,86,mist
2025-03-06 23:49:59,-1.24,86,mist
2025-03-07 00:56:25,3.76,60,mist
2025-03-07 02:24:17,7.76,39,overcast clouds
2025-03-07 03:07:35,7.76,39,haze
2025-03-07 03:39:17,8.76,37,haze
2025-03-07 03:52:06,8.76,37,haze
2025-03-07 04:19:18,9.76,34,clear sky
2025-03-07 04:39:42,9.76,34,clear sky
2025-03-07 04:52:23,9.76,34,clear sky
2025-03-07 05:16:15,8.44,28,overcast clouds
2025-03-07 05:35:29,9.76,32,clear sky
2025-03-07 05:48:05,9.76,32,clear sky
2025-03-07 06:11:33,8.36,26,overcast clouds
2025-03-07 06:40:39,9.76,34,clear sky
2025-03-07 06:53:19,9.76,34,clear sky
2025-03-07 07:17:20,9.76,32,clear sky
2025-03-07 07:30:17,8.39,27,overcast clouds
2025-03-07 07:42:46,9.76,32,clear sky
2025-03-07 07:55:28,9.76,32,clear sky
2025-03-07 08:29:25,7.76,42,clear sky
2025-03-07 08:46:58,7.15,28,overcast clouds
2025-03-07 08:59:30,7.15,28,overcast clouds
2025-03-07 09:26:16,5.76,52,clear sky
2025-03-07 09:41:19,5.76,52,clear sky
2025-03-07 09:54:04,5.76,52,clear sky
2025-03-07 10:21:22,6.62,29,overcast clouds
2025-03-07 10:40:51,3.76,65,clear sky
2025-03-07 10:53:22,3.76,65,clear sky
2025-03-07 11:15:12,6.18,30,overcast clouds
2025-03-07 11:28:07,6.18,30,overcast clouds
2025-03-07 11:40:58,3.76,65,clear sky
2025-03-07 11:53:41,3.76,65,clear sky
2025-03-07 12:37:14,2.76,60,clear sky
2025-03-07 13:04:53,2.76,60,clear sky
2025-03-07 13:31:43,2.76,70,clear sky
2025-03-07 13:44:23,2.76,70,clear sky
2025-03-07 13:56:49,2.76,70,clear sky
2025-03-07 14:23:38,2.76,70,clear sky
2025-03-07 14:40:38,2.76,70,clear sky
2025-03-07 14:53:18,2.76,70,clear sky
2025-03-07 15:19:12,5.31,36,overcast clouds
2025-03-07 15:36:12,2.76,70,broken clouds
2025-03-07 15:48:50,2.76,70,broken clouds
2025-03-07 16:10:55,2.76,70,broken clouds
2025-03-07 16:37:42,0.76,86,broken clouds
2025-03-07 16:51:57,0.76,86,broken clouds
2025-03-07 17:13:24,0.76,86,broken clouds
2025-03-07 17:31:31,1.76,75,overcast clouds
2025-03-07 17:44:17,1.76,75,broken clouds
2025-03-07 17:56:50,1.76,75,broken clouds
2025-03-07 18:32:34,2.76,70,broken clouds
2025-03-07 18:48:31,2.76,70,broken clouds
2025-03-07 19:06:43,2.76,70,broken clouds
2025-03-07 19:22:52,1.76,87,overcast clouds
2025-03-07 19:36:36,1.76,87,haze
2025-03-07 19:49:16,1.76,87,haze
2025-03-07 20:11:20,1.76,87,haze
2025-03-07 20:31:04,0.76,93,haze
2025-03-07 20:43:41,0.76,93,haze
2025-03-07 20:56:05,0.76,93,haze
2025-03-07 21:19:52,0.76,93,mist
2025-03-07 21:32:52,0.76,93,mist
2025-03-07 21:45:30,0.76,93,mist
2025-03-07 21:58:12,0.76,93,mist
2025-03-07 22:20:57,3.51,54,overcast clouds
2025-03-07 22:34:16,-0.24,93,mist
2025-03-07 22:46:52,-0.24,93,mist
2025-03-07 22:59:30,-0.24,93,mist
2025-03-07 23:19:06,3.67,53,overcast clouds
2025-03-07 23:32:00,0.76,93,broken clouds
2025-03-07 23:44:38,0.76,93,broken clouds
2025-03-07 23:57:05,0.76,93,broken clouds
2025-03-08 01:25:38,4.97,44,overcast clouds
2025-03-08 02:11:19,5.76,56,clear sky
2025-03-08 02:39:16,8.76,40,clear sky
2025-03-08 02:51:59,8.76,40,clear sky
2025-03-08 03:14:18,8.76,40,clear sky
2025-03-08 03:29:55,8.76,34,clear sky
2025-03-08 03:42:25,8.76,34,clear sky
2025-03-08 03:54:56,8.76,34,clear sky
2025-03-08 04:20:35,9.76,29,clear sky
2025-03-08 04:34:48,9.76,29,clear sky
2025-03-08 04:47:04,9.76,29,clear sky
2025-03-08 04:59:44,9.76,29,clear sky
2025-03-08 05:22:09,9.76,25,clear sky
2025-03-08 05:35:17,9.76,25,clear sky
2025-03-08 05:47:49,9.76,25,clear sky
2025-03-08 06:00:56,9.76,25,clear sky
2025-03-08 06:28:36,9.76,29,clear sky
2025-03-08 06:41:49,9.76,29,clear sky
2025-03-08 06:54:16,9.76,29,clear sky
2025-03-08 07:16:23,7.99,35,few clouds
2025-03-08 07:29:02,8.76,46,clear sky
2025-03-08 07:41:44,8.76,46,clear sky
2025-03-08 07:54:31,8.76,46,clear sky
2025-03-08 08:20:58,7.76,49,clear sky
2025-03-08 08:35:04,7.76,49,clear sky
2025-03-08 08:47:38,7.76,49,clear sky
2025-03-08 09:00:25,7.76,49,clear sky
2025-03-08 09:21:39,6.58,49,few clouds
2025-03-08 09:35:43,6.76,57,clear sky
2025-03-08 09:48:09,6.76,57,clear sky
2025-03-08 10:07:13,6.76,57,clear sky
2025-03-08 10:26:46,4.76,70,clear sky
2025-03-08 10:39:11,4.76,70,clear sky
2025-03-08 10:51:48,4.76,70,clear sky
2025-03-08 11:10:46,4.76,70,clear sky
2025-03-08 11:23:16,3.76,75,clear sky
2025-03-08 11:36:29,3.76,75,clear sky
2025-03-08 11:49:08,3.76,75,clear sky
2025-03-08 12:13:26,5.28,62,few clouds
2025-03-08 12:43:31,3.76,81,clear sky
2025-03-08 12:58:10,3.76,81,clear sky
2025-03-08 13:20:55,5.08,65,clear sky
2025-03-08 13:33:46,2.76,93,clear sky
2025-03-08 13:46:25,2.76,93,clear sky
2025-03-08 13:58:55,2.76,93,clear sky
2025-03-08 14:18:44,0.76,100,mist
2025-03-08 14:31:41,0.76,100,mist
2025-03-08 14:44:12,0.76,100,mist
2025-03-08 14:56:43,0.76,100,mist
2025-03-08 15:19:09,4.42,71,clear sky
2025-03-08 15:31:54,0.76,100,mist
2025-03-08 15:44:35,0.76,100,mist
2025-03-08 15:57:08,0.76,100,mist
2025-03-08 16:22:48,-0.24,100,mist
2025-03-08 16:35:16,-0.24,100,mist
2025-03-08 16:48:00,-0.24,100,mist
2025-03-08 17:00:45,-0.24,100,mist
2025-03-08 17:57:40,-1.24,100,mist
2025-03-08 18:25:11,-0.24,93,mist
2025-03-08 18:42:31,-1.24,100,mist
2025-03-08 18:51:05,-1.24,100,mist
2025-03-08 19:10:40,-1.24,100,mist
2025-03-08 19:22:58,-2.24,100,mist
2025-03-08 19:36:24,-2.24,100,mist
2025-03-08 19:48:55,-2.24,100,mist
2025-03-08 20:07:46,-2.24,100,mist
2025-03-08 20:23:44,-2.24,100,mist
2025-03-08 20:37:30,-2.24,100,mist
2025-03-08 20:49:58,-2.24,100,mist
2025-03-08 21:08:36,-2.24,100,mist
2025-03-08 21:23:15,-2.24,100,fog
2025-03-08 21:37:33,-2.24,100,fog
2025-03-08 21:50:13,-2.24,100,fog
2025-03-08 22:09:05,-2.24,100,fog
2025-03-08 22:25:51,-2.24,100,fog
2025-03-08 22:38:30,-3.24,100,fog
2025-03-08 22:51:04,-3.24,100,fog
2025-03-08 23:12:01,-2.24,100,fog
2025-03-08 23:24:40,-1.24,100,fog
2025-03-08 23:38:49,-1.24,100,fog
2025-03-08 23:51:24,0.76,100,mist
2025-03-09 00:59:53,1.76,100,mist
2025-03-09 02:06:32,6.76,76,mist
2025-03-09 02:41:39,7.76,66,haze
2025-03-09 02:54:11,7.76,66,haze
2025-03-09 03:19:26,7.76,66,haze
2025-03-09 03:32:49,9.76,57,haze
2025-03-09 03:45:23,9.76,57,haze
2025-03-09 03:58:00,9.76,57,haze
2025-03-09 04:23:57,9.35,41,scattered clouds
2025-03-09 04:37:10,10.76,43,clear sky
2025-03-09 04:49:32,10.76,43,clear sky
2025-03-09 05:08:04,10.1,38,scattered clouds
2025-03-09 05:25:35,10.1,38,scattered clouds
2025-03-09 05:38:41,10.76,46,clear sky
2025-03-09 05:51:19,10.76,46,clear sky
2025-03-09 06:15:44,10.61,35,scattered clouds
2025-03-09 06:33:05,11.76,43,clear sky
2025-03-09 06:45:30,11.76,43,clear sky
2025-03-09 06:57:57,11.76,43,clear sky
2025-03-09 07:17:52,10.83,35,clear sky
2025-03-09 07:30:09,11.76,47,clear sky
2025-03-09 07:42:57,11.76,47,clear sky
2025-03-09 07:55:17,11.76,47,clear sky
2025-03-09 08:22:27,10.76,54,clear sky
2025-03-09 08:35:47,10.76,54,clear sky
2025-03-09 08:48:16,10.76,54,clear sky
2025-03-09 09:03:52,10.76,54,clear sky
2025-03-09 09:22:38,9.97,40,clear sky
2025-03-09 09:36:30,8.76,61,few clouds
2025-03-09 09:49:04,8.76,61,few clouds
2025-03-09 10:08:09,8.76,61,few clouds
2025-03-09 10:31:39,5.76,75,haze
2025-03-09 10:44:11,5.76,75,haze
2025-03-09 10:56:52,5.76,75,haze
2025-03-09 11:16:29,5.76,75,haze
2025-03-09 11:28:59,3.76,87,clear sky
2025-03-09 11:41:33,3.76,87,haze
2025-03-09 11:54:11,3.76,87,haze
2025-03-09 12:29:26,2.76,87,mist
2025-03-09 12:49:53,2.76,87,mist
2025-03-09 13:09:39,2.76,87,mist
2025-03-09 13:25:17,2.76,93,mist
2025-03-09 13:37:38,2.76,93,mist
2025-03-09 13:50:29,2.76,93,mist
2025-03-09 14:09:40,6.86,53,clear sky
2025-03-09 14:26:24,1.76,100,mist
2025-03-09 14:38:45,1.76,100,mist
2025-03-09 14:51:11,1.76,100,mist
2025-03-09 15:11:55,6.4,54,clear sky
2025-03-09 15:26:17,0.76,100,mist
2025-03-09 15:38:48,0.76,100,mist
2025-03-09 15:51:29,0.76,100,mist
2025-03-09 16:13:29,5.95,56,clear sky
2025-03-09 16:30:26,0.76,93,mist
2025-03-09 16:42:51,0.76,93,mist
2025-03-09 16:55:32,0.76,93,mist
2025-03-09 17:17:52,5.66,57,clear sky
2025-03-09 17:30:19,-0.24,100,mist
2025-03-09 17:43:02,-0.24,100,mist
2025-03-09 17:55:30,-0.24,100,mist
2025-03-09 18:23:49,-1.24,100,mist
2025-03-09 18:37:30,-1.24,100,mist
2025-03-09 18:49:44,-1.24,100,mist
2025-03-09 19:06:42,-1.24,100,mist
2025-03-09 19:19:16,5.12,56,broken clouds
2025-03-09 19:32:02,-2.24,100,mist
2025-03-09 19:44:37,-2.24,100,mist
2025-03-09 19:57:14,-1.24,100,fog
2025-03-09 20:22:12,-1.24,100,fog
2025-03-09 20:35:03,-0.24,93,fog
2025-03-09 20:47:40,-2.24,100,fog
2025-03-09 21:00:06,-2.24,100,fog
2025-03-09 21:20:35,-2.24,100,fog
2025-03-09 21:34:50,-2.24,100,fog
2025-03-09 21:47:35,-2.24,100,fog
2025-03-09 22:00:18,-2.24,100,fog
2025-03-09 22:22:22,-2.24,100,fog
2025-03-09 22:34:58,-2.24,100,fog
2025-03-09 22:47:30,-2.24,100,fog
2025-03-09 23:00:10,-2.24,100,fog
2025-03-09 23:19:14,5.04,54,scattered clouds
2025-03-09 23:31:48,-0.24,100,mist
2025-03-09 23:44:10,-0.24,100,mist
2025-03-09 23:56:44,-0.24,100,mist
2025-03-10 01:36:35,8.76,66,haze
2025-03-10 02:24:43,9.42,37,few clouds
2025-03-10 02:48:19,10.76,54,haze
2025-03-10 03:07:52,10.76,54,haze
2025-03-10 03:27:49,12.76,47,clear sky
2025-03-10 03:40:30,12.76,47,haze
2025-03-10 03:53:04,12.76,47,haze
2025-03-10 04:17:29,11.4,34,clear sky
2025-03-10 04:33:14,13.76,38,haze
2025-03-10 04:45:37,13.76,38,haze
2025-03-10 04:58:16,13.76,38,haze
2025-03-10 05:21:21,13.76,38,clear sky
2025-03-10 05:34:57,13.76,38,haze
2025-03-10 05:47:29,13.76,38,haze
2025-03-10 05:59:57,13.76,38,haze
2025-03-10 06:29:44,12.76,41,clear sky
2025-03-10 06:42:25,12.76,41,haze
2025-03-10 06:54:47,12.76,41,haze
2025-03-10 07:18:47,11.18,39,clear sky
2025-03-10 07:31:22,12.76,38,clear sky
2025-03-10 07:44:04,12.76,38,haze
2025-03-10 07:56:42,12.76,38,haze
2025-03-10 08:26:42,10.4,42,clear sky
2025-03-10 08:40:58,11.76,40,haze
2025-03-10 08:53:44,11.76,40,haze
2025-03-10 09:17:47,11.76,40,haze
2025-03-10 09:30:15,9.76,46,haze
2025-03-10 09:43:01,9.76,46,haze
2025-03-10 09:55:47,9.76,46,haze
2025-03-10 10:22:54,6.76,65,clear sky
2025-03-10 10:37:34,6.76,65,haze
2025-03-10 10:50:01,6.76,65,haze
2025-03-10 11:08:28,6.76,65,haze
2025-03-10 11:23:14,5.76,70,clear sky
2025-03-10 11:36:47,5.76,70,haze
2025-03-10 11:49:33,5.76,70,haze
2025-03-10 12:20:47,7.77,53,clear sky
2025-03-10 13:00:10,4.76,75,haze
2025-03-10 13:33:21,3.76,75,haze
2025-03-10 13:47:05,3.76,75,haze
2025-03-10 13:59:44,3.76,75,haze
2025-03-10 14:28:10,0.76,93,clear sky
2025-03-10 14:45:12,0.76,93,haze
2025-03-10 14:57:57,0.76,93,haze
2025-03-10 15:27:00,0.76,100,mist
2025-03-10 15:41:36,0.76,100,mist
2025-03-10 15:54:12,0.76,100,mist
2025-03-10 16:24:02,6.16,60,clear sky
2025-03-10 16:45:22,0.76,93,mist
2025-03-10 16:58:14,0.76,93,mist
2025-03-10 17:24:30,5.79,61,clear sky
2025-03-10 17:40:23,-0.24,100,mist
2025-03-10 17:53:11,-0.24,100,mist
2025-03-10 18:24:04,-0.24,100,mist
2025-03-10 18:45:22,-0.24,100,mist
2025-03-10 18:58:00,-0.24,100,mist
2025-03-10 19:20:36,5.25,62,overcast clouds
2025-03-10 19:34:05,-1.24,100,mist
2025-03-10 19:46:52,-1.24,100,mist
2025-03-10 19:59:29,-1.24,100,mist
2025-03-10 20:27:17,-0.24,100,mist
2025-03-10 20:42:42,-0.24,100,mist
2025-03-10 20:55:02,-0.24,100,mist
2025-03-10 21:20:40,-0.24,100,mist
2025-03-10 21:35:04,-0.24,100,mist
2025-03-10 21:47:30,-0.24,100,mist
2025-03-10 21:59:56,-0.24,100,mist
2025-03-10 22:26:45,-0.22,86,mist
2025-03-10 22:42:16,-0.24,100,mist
2025-03-10 22:54:37,-0.24,100,mist
2025-03-10 23:19:51,0.76,100,mist
2025-03-10 23:34:04,0.76,100,mist
2025-03-10 23:46:47,0.76,100,mist
2025-03-10 23:59:17,0.76,100,mist
2025-03-11 01:56:32,9.76,57,haze
2025-03-11 02:59:34,11.76,47,haze
2025-03-11 03:35:12,12.76,47,haze
2025-03-11 03:51:04,12.76,47,haze
2025-03-11 04:16:51,12.01,28,scattered clouds
2025-03-11 04:38:34,13.76,44,clear sky
2025-03-11 04:51:36,13.76,44,clear sky
2025-03-11 05:14:34,13.76,44,clear sky
2025-03-11 05:34:26,14.76,41,clear sky
2025-03-11 05:47:02,14.76,41,clear sky
2025-03-11 05:59:24,14.76,41,clear sky
2025-03-11 06:35:19,14.76,38,clear sky
2025-03-11 06:51:18,14.76,38,clear sky
2025-03-11 07:13:47,13.57,26,clear sky
2025-03-11 07:29:43,13.76,47,clear sky
2025-03-11 07:42:18,13.76,47,clear sky
2025-03-11 07:54:43,13.76,47,clear sky
2025-03-11 08:27:46,12.76,50,clear sky
2025-03-11 08:46:43,12.76,50,clear sky
2025-03-11 08:59:08,12.76,50,clear sky
2025-03-11 09:27:11,12.69,29,clear sky
2025-03-11 09:42:32,10.76,54,clear sky
2025-03-11 09:55:20,10.76,54,clear sky
2025-03-11 10:25:28,8.76,61,clear sky
2025-03-11 10:44:24,8.76,61,clear sky
2025-03-11 10:57:09,8.76,61,clear sky
2025-03-11 11:20:43,10.38,40,clear sky
2025-03-11 11:35:17,6.76,65,clear sky
2025-03-11 11:48:02,6.76,65,clear sky
2025-03-11 12:14:24,10.07,40,few clouds
2025-03-11 12:56:32,5.76,70,clear sky
2025-03-11 13:31:53,4.76,75,clear sky
2025-03-11 13:45:54,4.76,75,clear sky
2025-03-11 13:58:41,4.76,75,clear sky
2025-03-11 14:27:30,4.76,81,clear sky
2025-03-11 14:45:00,4.76,81,clear sky
2025-03-11 14:57:54,4.76,81,clear sky
2025-03-11 15:28:02,3.76,87,clear sky
2025-03-11 15:44:15,3.76,87,clear sky
2025-03-11 15:57:02,3.76,87,clear sky
2025-03-11 16:32:37,3.76,93,clear sky
2025-03-11 16:51:17,3.76,93,clear sky
2025-03-11 17:13:33,3.76,93,clear sky
2025-03-11 17:33:54,3.76,93,clear sky
2025-03-11 17:46:23,3.76,93,clear sky
2025-03-11 17:58:55,3.76,93,clear sky
2025-03-11 18:35:08,3.76,93,mist
2025-03-11 18:51:28,3.76,93,mist
2025-03-11 19:12:16,7.78,48,overcast clouds
2025-03-11 19:27:35,7.78,48,overcast clouds
2025-03-11 19:40:22,4.76,81,mist
2025-03-11 19:52:56,4.76,81,mist
2025-03-11 20:19:22,7.6,50,overcast clouds
2025-03-11 20:37:09,4.76,93,mist
2025-03-11 20:49:42,4.76,93,mist
2025-03-11 21:08:42,4.76,93,mist
2025-03-11 21:23:29,3.76,93,mist
2025-03-11 21:37:05,3.76,93,mist
2025-03-11 21:49:47,3.76,93,mist
2025-03-11 22:10:29,3.76,93,mist
2025-03-11 22:32:25,4.76,93,overcast clouds
2025-03-11 22:45:01,4.76,93,mist
2025-03-11 22:57:44,4.76,93,mist
2025-03-11 23:22:54,6.76,76,clear sky
2025-03-11 23:36:51,6.76,76,mist
2025-03-11 23:49:25,6.76,76,mist
2025-03-12 00:50:49,8.76,66,haze
2025-03-12 02:18:17,10.37,42,broken clouds
2025-03-12 03:04:51,9.76,57,haze
2025-03-12 03:36:48,11.76,47,haze
2025-03-12 03:51:08,11.76,47,haze
2025-03-12 04:17:02,11.76,47,haze
2025-03-12 04:40:37,10.76,54,haze
2025-03-12 04:53:17,10.76,54,haze
2025-03-12 05:17:49,10.33,52,overcast clouds
2025-03-12 05:36:50,9.76,57,haze
2025-03-12 05:49:25,9.76,57,haze
2025-03-12 06:14:58,10.55,60,overcast clouds
2025-03-12 06:43:18,9.76,71,overcast clouds
2025-03-12 06:55:33,9.76,71,overcast clouds
2025-03-12 07:23:29,7.76,100,mist
2025-03-12 07:37:35,7.76,100,mist
2025-03-12 07:50:11,7.76,100,mist
2025-03-12 08:16:41,7.76,100,mist
2025-03-12 08:40:41,7.76,100,light intensity drizzle
2025-03-12 08:54:08,7.76,100,light intensity drizzle
2025-03-12 09:22:01,8.78,87,mist
2025-03-12 09:38:52,6.76,100,mist
2025-03-12 09:51:33,6.76,100,mist
2025-03-12 10:15:42,8.52,82,overcast clouds
2025-03-12 10:38:57,6.76,100,mist
2025-03-12 10:51:31,6.76,100,mist
2025-03-12 11:12:24,6.76,100,mist
2025-03-12 11:27:31,6.76,100,mist
2025-03-12 11:40:23,6.76,100,mist
2025-03-12 11:53:02,6.76,100,mist
2025-03-12 12:35:55,6.76,100,mist
2025-03-12 13:06:08,6.76,100,mist
2025-03-12 13:34:38,5.76,100,mist
2025-03-12 13:47:33,5.76,100,mist
2025-03-12 14:00:20,5.76,100,mist
2025-03-12 14:28:38,5.76,100,mist
2025-03-12 14:49:18,5.76,100,mist
2025-03-12 14:57:53,5.76,100,mist
2025-03-12 15:27:53,3.76,100,mist
2025-03-12 15:44:18,3.76,100,mist
2025-03-12 15:56:39,3.76,100,mist
2025-03-12 16:31:45,4.76,100,mist
2025-03-12 16:51:09,4.76,100,mist
2025-03-12 17:12:51,4.76,100,mist
2025-03-12 17:32:46,3.76,100,mist
2025-03-12 17:45:15,3.76,100,mist
2025-03-12 17:57:44,3.76,100,mist
2025-03-12 18:34:29,2.76,100,mist
2025-03-12 18:51:19,2.76,100,mist
2025-03-12 19:11:35,2.76,100,mist
2025-03-12 19:25:29,5.43,84,overcast clouds
2025-03-12 19:39:11,2.76,100,fog
2025-03-12 19:51:59,2.76,100,fog
2025-03-12 20:17:11,2.76,100,fog
2025-03-12 20:35:29,1.76,100,fog
2025-03-12 20:48:22,1.76,100,fog
2025-03-12 21:07:36,1.76,100,fog
2025-03-12 21:27:25,1.76,100,fog
2025-03-12 21:41:34,1.76,100,fog
2025-03-12 21:53:53,1.76,100,fog
2025-03-12 22:18:55,1.76,100,fog
2025-03-12 22:37:14,1.76,100,fog
2025-03-12 22:49:52,1.76,100,fog
2025-03-12 23:11:01,1.76,100,fog
2025-03-12 23:29:59,1.76,100,fog
2025-03-12 23:43:09,1.76,100,fog
2025-03-12 23:55:42,1.76,100,fog
2025-03-13 01:54:21,6.76,81,mist
2025-03-13 02:57:30,10.76,54,haze
2025-03-13 03:34:15,11.76,26,haze
2025-03-13 03:53:26,11.76,26,haze
2025-03-13 04:22:24,12.76,28,clear sky
2025-03-13 04:42:54,12.76,28,haze
2025-03-13 04:55:28,12.76,28,haze
2025-03-13 05:22:33,13.76,21,clear sky
2025-03-13 05:39:36,13.76,21,haze
2025-03-13 05:52:07,13.76,21,haze
2025-03-13 06:22:35,13.98,10,overcast clouds
2025-03-13 06:45:45,14.76,20,sand
2025-03-13 06:58:21,14.76,20,sand
2025-03-13 07:23:54,14.76,25,clear sky
2025-03-13 07:37:07,14.76,25,sand
2025-03-13 07:49:30,14.76,25,sand
2025-03-13 08:15:18,14.76,25,sand
2025-03-13 08:41:03,13.76,26,sand
2025-03-13 08:55:34,13.76,26,sand
2025-03-13 09:25:15,13.7,14,broken clouds
2025-03-13 09:41:29,11.76,30,clear sky
2025-03-13 09:54:19,11.76,30,clear sky
2025-03-13 10:22:20,8.76,34,clear sky
2025-03-13 10:42:01,8.76,34,clear sky
2025-03-13 10:54:21,8.76,34,clear sky
2025-03-13 11:17:50,11.49,19,broken clouds
2025-03-13 11:30:30,4.76,52,clear sky
2025-03-13 11:43:11,4.76,52,clear sky
2025-03-13 11:55:42,4.76,52,clear sky
2025-03-13 12:49:20,5.76,52,clear sky
2025-03-13 13:20:25,10.33,22,broken clouds
2025-03-13 13:40:50,5.76,56,clear sky
2025-03-13 13:53:43,5.76,56,clear sky
2025-03-13 14:18:33,9.82,22,overcast clouds
2025-03-13 14:38:49,3.76,70,clear sky
2025-03-13 14:51:30,3.76,70,clear sky
2025-03-13 15:17:02,9.23,23,overcast clouds
2025-03-13 15:37:33,3.76,70,clear sky
2025-03-13 15:50:11,3.76,70,clear sky
2025-03-13 16:15:11,3.76,70,clear sky
2025-03-13 16:44:04,3.76,70,clear sky
2025-03-13 16:57:21,3.76,70,clear sky
2025-03-13 17:22:14,8.34,26,overcast clouds
2025-03-13 17:38:48,7.84,27,overcast clouds
2025-03-13 17:51:17,7.84,27,overcast clouds
2025-03-13 18:19:27,7.84,27,overcast clouds
2025-03-13 18:43:12,7.68,28,scattered clouds
2025-03-13 18:55:39,7.68,28,scattered clouds
2025-03-13 19:18:39,7.68,28,scattered clouds
2025-03-13 19:31:58,7.68,28,scattered clouds
2025-03-13 19:44:22,7.29,29,few clouds
2025-03-13 19:57:03,7.29,29,few clouds
2025-03-13 20:26:28,7.29,29,few clouds
2025-03-13 20:42:14,7.04,29,few clouds
2025-03-13 20:54:44,7.04,29,few clouds
2025-03-13 21:20:16,7.04,29,few clouds
2025-03-13 21:35:38,6.78,30,few clouds
2025-03-13 21:48:09,6.78,30,few clouds
2025-03-13 22:07:07,6.78,30,few clouds
2025-03-13 22:30:30,6.78,30,few clouds
2025-03-13 22:43:08,7.51,28,clear sky
2025-03-13 22:55:45,7.51,28,clear sky
2025-03-13 23:22:16,7.51,28,clear sky
2025-03-13 23:36:07,7.51,28,clear sky
2025-03-13 23:49:05,9.18,24,clear sky
